actor,movie_or_TV_name
Marco Ma,Gone with the Bullets
Marco Ma,Let the Bullets Fly
Marco Ma,Pk.com.cn
Marco Ma,The Blossom of Roses
Marco Ma,Let the Bullets Fly
Marco Ma,Everybody's Fine
Ming Hu,Chinese Doctors
Ming Hu,Minning Town
Ming Hu,Double World
Ming Hu,Candle in the Tomb: The Lost Caverns
Ming Hu,The Guilty Ones
Ming Hu,Little Q
Ming Hu,Ruyi's Royal Love in the Palace
Ming Hu,The Way of the Bug
Ming Hu,To Kill a Watermelon
Ming Hu,Battle of Memories
Ming Hu,Mang dao
Ming Hu,The Door
Ming Hu,Cook Up a Storm
Ming Hu,Kung Fu Yoga
Ming Hu,Phantom of the Theatre
Ming Hu,The New Year's Eve of Old Lee
Ming Hu,Ge chuang you yan
Ming Hu,The Locked Door
Ming Hu,Love Shock
Ming Hu,1911
Ming Hu,Yang Shan Zhou
Ming Hu,Let the Bullets Fly
Ming Hu,Lost in Panic Room
Ming Hu,Tie ren
Ming Hu,Smiling Bracelet
Ming Hu,Assembly
Ming Hu,Seven Swords
Yu Sha,Let the Bullets Fly
Yu Sha,The Robbers
Jing Li,Let the Bullets Fly
Jing Li,Hu xiao cangqiong
Jing Li,Hunting
Jing Li,You cai hua xiang
Lei Chen,Desert Warrior
Lei Chen,Qianli lei sheng wanli shan
Lei Chen,Never Stop
Lei Chen,The Resistance
Lei Chen,Let the Bullets Fly
Lei Chen,The Sun Also Rises
Bing Bai,Master of My Own
Bing Bai,Ben teng nian dai
Bing Bai,Original Sin
Bing Bai,Goddesses in the Flames of War
Bing Bai,Love Only
Bing Bai,Legend of Heavenly Tear: Phoenix Warriors
Bing Bai,Cook Up a Storm
Bing Bai,You Are My Sisters
Bing Bai,The Big Lie Bang
Bing Bai,The Four
Bing Bai,Kung Fu Jungle
Bing Bai,As the Light Goes Out
Bing Bai,Sui Tang Yan Yi
Bing Bai,Chinese Zodiac
Bing Bai,The Viral Factor
Bing Bai,Palace 2
Bing Bai,War of Desire
Bing Bai,Beginning of the Great Revival
Bing Bai,Yin hun nan nu
Bing Bai,Shaolin
Bing Bai,Let the Bullets Fly
Bing Bai,A Dream in Red Mansions
Bing Bai,Shen hua
Bing Bai,Fit Lover
Bing Bai,Crossed Lines
Bing Bai,Looking for Jackie
Yiheng Du,True and False Monkey King
Yiheng Du,Asura Bride
Yiheng Du,Guardian of the Palace
Yiheng Du,Detective Dee: Solitary Skies Killer
Yiheng Du,Court Battle
Yiheng Du,Detection of Di Renjie
Yiheng Du,Endless Loop
Yiheng Du,Ever Night
Yiheng Du,The Demons Strike in Baiyu Town
Yiheng Du,Legend of the Naga Pearls
Yiheng Du,The Advisors Alliance
Yiheng Du,Dad's Cabin (2016)
Yiheng Du,God of War Zhao Yun
Yiheng Du,My Beloved Bodyguard
Yiheng Du,The Taking of Tiger Mountain
Yiheng Du,Ci Ye
Yiheng Du,The Last Tycoon
Yiheng Du,Chrysanthemum to the Beast
Yiheng Du,Insisrence
Yiheng Du,Flying Swords of Dragon Gate
Yiheng Du,White Vengeance
Yiheng Du,Fearless Hero
Yiheng Du,Let the Bullets Fly
Yiheng Du,Guardian of the Palace
Xiaogang Feng,If You Are the One 2
Xiaogang Feng,If You Are the One
Xiaogang Feng,A World Without Thieves
Xiaogang Feng,Da wan
Xiaogang Feng,A Sigh
Xiaogang Feng,Baba
Xiaogang Feng,Be There or Be Square
Xiaogang Feng,Born Coward
Xiaogang Feng,Yong shi wo ai
Xiaogang Feng,A Native of Beijing in New York
Xiaogang Feng,Da Sa Ba
Xiaogang Feng,Stories of an Editorial Board
Xiaogang Feng,Unexpected Passion
Xiaogang Feng,Crossroad Bistro
Xiaogang Feng,Cell Phone 2
Xiaogang Feng,Only Cloud Knows
Xiaogang Feng,Youth
Xiaogang Feng,I Am Not Madame Bovary
Xiaogang Feng,Personal Tailor
Xiaogang Feng,Back to 1942
Xiaogang Feng,If You Are the One 2
Xiaogang Feng,Aftershock
Xiaogang Feng,If You Are the One
Xiaogang Feng,Assembly
Xiaogang Feng,The Banquet
Xiaogang Feng,A World Without Thieves
Xiaogang Feng,Cell Phone
Xiaogang Feng,Da wan
Xiaogang Feng,A Sigh
Xiaogang Feng,Sorry Baby
Xiaogang Feng,Be There or Be Square
Xiaogang Feng,The Dream Factory
Xiaogang Feng,Yi di ji mao
Xiaogang Feng,Yong shi wo ai
Xiaogang Feng,A Native of Beijing in New York
Xiaogang Feng,Stories of an Editorial Board
Xiaogang Feng,Ash Is Purest White
Xiaogang Feng,I Am Not Madame Bovary
Xiaogang Feng,Nature Is Speaking
Xiaogang Feng,Mr. Six
Xiaogang Feng,The Monkey King 3D: Uproar in Heaven
Xiaogang Feng,Let the Bullets Fly
Xiaogang Feng,True Legend
Xiaogang Feng,The Founding of a Republic
Xiaogang Feng,Trivial Matters
Xiaogang Feng,Wait 'Til You're Older
Xiaogang Feng,Kung Fu Hustle
Xiaogang Feng,The Marriage Certificate
Xiaogang Feng,Baba
Xiaogang Feng,The Dream Factory
Xiaogang Feng,In the Heat of the Sun
Xiaogang Feng,A Native of Beijing in New York
Xiaogang Feng,Stories of an Editorial Board
Xiaogang Feng,Triumphantly Returning at Midnight
Xiaogang Feng,Sword Dynasty
Xiaogang Feng,Wild Swords
Xiaogang Feng,"Lost, Found"
Xiaogang Feng,Youth
Xiaogang Feng,Songs of the Youth 1969
Xiaogang Feng,I Am Not Madame Bovary
Xiaogang Feng,Bad Guys Always Die
Xiaogang Feng,Only You
Xiaogang Feng,If You Are the One 2
Xiaogang Feng,The Message
Xiaogang Feng,Assembly
Xiaogang Feng,The 601st Phone Call
Xiaogang Feng,Gimme Kudos
Xiaogang Feng,Wu yue huai hua xiang
Xiaogang Feng,Cell Phone
Xiaogang Feng,"""Swordsmen of the Passes"""
Xiaogang Feng,"Cala, My Dog!"
Xiaogang Feng,Yong shi wo ai
Xiaogang Feng,"""Swordsmen of the Passes"""
Xiaogang Feng,The Founding of a Republic
Xiaogang Feng,Yi di ji mao
Xiaogang Feng,Baba
Xiaogang Feng,The Nation's Greatest Treasures
Xiaogang Feng,I Dedicate My Youth to You
Xiaogang Feng,Días de cine
Xiaogang Feng,Festival de cine de San Sebastián 2016 - Gala de clausura
Xiaogang Feng,Day Day Up
Xiaogang Feng,Xiao ao jiang hu
Xiaogang Feng,Yang Lan One on One
Mo Zhang,Back to 1942
Mo Zhang,Lethal Hostage
Mo Zhang,Very Kidnappers
Mo Zhang,War of Desire
Mo Zhang,Love is Not Blind
Mo Zhang,Inseparable
Mo Zhang,The Pretending Lovers
Mo Zhang,Let the Bullets Fly
Mo Zhang,World Second
Mo Zhang,Shao nian da qin chai
Yun Zhou,Hidden Man
Yun Zhou,The Assassin
Yun Zhou,Gone with the Bullets
Yun Zhou,Jin hun feng yu qing
Yun Zhou,Let the Bullets Fly
Yun Zhou,Bodyguards and Assassins
Yun Zhou,The Sun Also Rises
Yun Zhou,Warriors of Heaven and Earth
Yun Zhou,Hidden Man
Yun Zhou,Gone with the Bullets
Yun Zhou,Tales of Chinese Filmmakers
Wu Jiang,The Legend Hunters
Wu Jiang,Father and Hero
Wu Jiang,Break Through the Darkness
Wu Jiang,Three Old Boys
Wu Jiang,The Eight Hundred
Wu Jiang,"My People, My Country"
Wu Jiang,The Morning After
Wu Jiang,Wrath of Silence
Wu Jiang,Shock Wave
Wu Jiang,The Mysterious Family
Wu Jiang,Simple Happiness: Xiao Xing Fu
Wu Jiang,The Door
Wu Jiang,Luxury Era
Wu Jiang,Marry to the West
Wu Jiang,Bull Brothers
Wu Jiang,Yang Married
Wu Jiang,Monster Hunt
Wu Jiang,The Queens
Wu Jiang,Let's Get Married
Wu Jiang,Love on the Cloud
Wu Jiang,Marriage Cuisine
Wu Jiang,Temporary Family
Wu Jiang,Love at First Sight
Wu Jiang,Sui Tang Yan Yi
Wu Jiang,A Touch of Sin
Wu Jiang,Happy Hotel
Wu Jiang,Very Kidnappers
Wu Jiang,Speed Angels
Wu Jiang,Shi Yan Jin Sheng
Wu Jiang,Lee's Adventure
Wu Jiang,1911
Wu Jiang,The Sorcerer and the White Snake
Wu Jiang,Snow Flower and the Secret Fan
Wu Jiang,Beginning of the Great Revival
Wu Jiang,Dragon
Wu Jiang,The Floating Shadow
Wu Jiang,The Warring States
Wu Jiang,Let the Bullets Fly
Wu Jiang,Auntie Duohe
Wu Jiang,The Robbers
Wu Jiang,Tie xue qing chun
Wu Jiang,Jia you jiu feng
Wu Jiang,All the Invisible Children
Wu Jiang,Jia he wan shi xing zhi shuang xi lin men
Wu Jiang,Tian kong xia de yuan fen
Wu Jiang,Game Over
Wu Jiang,One Hundred
Wu Jiang,The Empty Mirror
Wu Jiang,Roots and Branches
Wu Jiang,Zou dao di
Wu Jiang,Shower
Wu Jiang,A Beautiful New World
Wu Jiang,I Love My Family
Wu Jiang,To Live
Kun Chen,Circulation
Kun Chen,Shi Yan Juan Tian Ya
Kun Chen,The Wind Blows from Longxi
Kun Chen,Fengshen Trilogy
Kun Chen,1921
Kun Chen,The Yinyang Master
Kun Chen,Tian sheng chang ge
Kun Chen,Lost in 1949
Kun Chen,Beautiful Accident
Kun Chen,The Curse of Chopsticks
Kun Chen,Confession of an Adult Filmmaker
Kun Chen,Huo guo ying xiong
Kun Chen,Mojin: The Lost Legend
Kun Chen,Zhongkui: Snow Girl and the Dark Crystal
Kun Chen,Young Detective Dee: Rise of the Sea Dragon
Kun Chen,Bends
Kun Chen,Angry Kid
Kun Chen,Painted Skin: The Resurrection
Kun Chen,Full Circle
Kun Chen,Hsue-shen Tsien
Kun Chen,Flying Swords of Dragon Gate
Kun Chen,Love on Credit
Kun Chen,Beginning of the Great Revival
Kun Chen,Rest on Your Shoulder
Kun Chen,Let the Bullets Fly
Kun Chen,My Ex-Wife's Wedding
Kun Chen,The Star and the Sea
Kun Chen,Mulan: Rise of a Warrior
Kun Chen,Gu Meng
Kun Chen,The Founding of a Republic
Kun Chen,Painted Skin
Kun Chen,Endless Love
Kun Chen,Playboy Cops
Kun Chen,The Door
Kun Chen,The Knot
Kun Chen,The Music Box
Kun Chen,I'm Looking Forward to Being Loved
Kun Chen,A West Lake Moment
Kun Chen,Baober in Love
Kun Chen,Kung Fu Girls
Kun Chen,Mai Ban Zhi Jia
Kun Chen,Vancouver
Kun Chen,Balzac and the Little Chinese Seamstress
Kun Chen,The Story of a Noble Family
Kun Chen,Love Story in Shanghai
Kun Chen,National Anthem
Kun Chen,The Door
Kun Chen,Voice
Kun Chen,A Date with Luyu
Kun Chen,World Film Report
Kun Chen,Super Boy
Kun Chen,Tales of Chinese Filmmakers
Fan Liao,749 Ju
Fan Liao,Lai dou lai le
Fan Liao,The Long Night
Fan Liao,The Wild Goose Lake
Fan Liao,Savage
Fan Liao,Hidden Man
Fan Liao,Lost in 1949
Fan Liao,Ash Is Purest White
Fan Liao,Guilty of Mind
Fan Liao,The Final Master
Fan Liao,Only You
Fan Liao,All Quiet in Beiping
Fan Liao,"Black Coal, Thin Ice"
Fan Liao,Meng's Palace
Fan Liao,Chinese Zodiac
Fan Liao,Full Circle
Fan Liao,Love is Not Blind
Fan Liao,Love on Credit
Fan Liao,Beginning of the Great Revival
Fan Liao,The Biography of Sun Tzu
Fan Liao,If You Are the One 2
Fan Liao,Let the Bullets Fly
Fan Liao,Showtime
Fan Liao,The Line
Fan Liao,Ocean Flame
Fan Liao,Assembly
Fan Liao,Getting Home
Fan Liao,Curiosity Kills the Cat
Fan Liao,Gimme Kudos
Fan Liao,I'm Looking Forward to Being Loved
Fan Liao,Green Hat
Fan Liao,The Game of Killing
Fan Liao,Baober in Love
Fan Liao,Chicken Poets
Fan Liao,Love Story in Shanghai
Fan Liao,Fleet of Time
Fan Liao,U Can You BB
Pu Miao,Royal Nirvana
Pu Miao,Po ju 1950
Pu Miao,Smile in Spring
Pu Miao,Lonely Battle
Pu Miao,Gentle Bullet
Pu Miao,Personal Tailor
Pu Miao,Truth or Dare
Pu Miao,Mu Gui Ying gua shuai
Pu Miao,Love in Space
Pu Miao,Let the Bullets Fly
Pu Miao,Don Quixote
Pu Miao,The Stool Pigeon
Pu Miao,The Treasure Hunter
Pu Miao,The Founding of a Republic
Pu Miao,Chinese peacekeeping police
Pu Miao,Gao xing
Pu Miao,Zou xi kou
Pu Miao,Beast Stalker
Pu Miao,Cherries
Pu Miao,Fan fu da yuan
Pu Miao,Judge of Song Dynasty
Pu Miao,Zhen guan zhi zhi
Pu Miao,Snow in the Wind
Pu Miao,Magical Hands
Pu Miao,Clay Fear
Pu Miao,Gimme Kudos
Pu Miao,Wu yue huai hua xiang
Pu Miao,Rexue zhonghun zhi duxing shiwei
Pu Miao,A White Horse Named Feifei
Jun Hu,Xue zhong han dao xing
Jun Hu,Xi Feng De Hua (Whisper in the Wind)
Jun Hu,See You Again
Jun Hu,The Battle at Lake Changjin
Jun Hu,Vacation of Love
Jun Hu,Lord of Shanghai II
Jun Hu,Reunion: The Sound of the Providence
Jun Hu,Hunting
Jun Hu,"My People, My Country"
Jun Hu,The Composer
Jun Hu,Song of Youth
Jun Hu,Song of the Assassins
Jun Hu,Ever Night
Jun Hu,Shadow
Jun Hu,Genghis Khan
Jun Hu,Xiao Qing Ren
Jun Hu,Lord of Shanghai
Jun Hu,My Beloved Bodyguard
Jun Hu,Underground 2: Islands Continent
Jun Hu,Cairo Declaration
Jun Hu,In the Silence
Jun Hu,As the Light Goes Out
Jun Hu,Firestorm
Jun Hu,The Adventures of Panda Warrior
Jun Hu,Qing Chun Si Shi
Jun Hu,Jin hun feng yu qing
Jun Hu,Let the Bullets Fly
Jun Hu,Showtime
Jun Hu,Sui yue
Jun Hu,Bodyguards and Assassins
Jun Hu,Mulan: Rise of a Warrior
Jun Hu,The Robbers
Jun Hu,The Founding of a Republic
Jun Hu,Metallic Attraction: Kungfu Cyborg
Jun Hu,Red Cliff II
Jun Hu,Red Cliff
Jun Hu,The One Man Olympics
Jun Hu,The Great Revival
Jun Hu,Assembly
Jun Hu,Getting Home
Jun Hu,Curiosity Kills the Cat
Jun Hu,No Retreat
Jun Hu,Chang hen ge
Jun Hu,Demi-Gods and Semi-Devils
Jun Hu,Hua hun
Jun Hu,Infernal Affairs II
Jun Hu,Golden Chicken
Jun Hu,Lan Yu
Jun Hu,Chong tian fei bao
Jun Hu,"East Palace, West Palace"
Jun Hu,Hei huo
Jun Hu,Xi Feng De Hua (Whisper in the Wind)
Jun Hu,The Robbers
Jun Hu,The Return of the Condor Heroes
Jun Hu,Phanta City
Jun Hu,A Date with Luyu
Jun Hu,World Film Report
Jun Hu,Tales of Chinese Filmmakers
Ming Zhao,One Night Surprise
Ming Zhao,Love Motel
Ming Zhao,Let the Bullets Fly
Carina Lau,Warriors of Future
Carina Lau,Dynasty Warriors
Carina Lau,Ban Sheng Yuan
Carina Lau,A City Called Macau
Carina Lau,Detective Dee: The Four Heavenly Kings
Carina Lau,Asura
Carina Lau,"My Rival is Son-in-law, My Lover is Son-in-law"
Carina Lau,Yi ching chun dik ming yi
Carina Lau,From Vegas to Macau III
Carina Lau,Cairo Declaration
Carina Lau,From Vegas to Macau II
Carina Lau,Beijing Love Story
Carina Lau,Young Detective Dee: Rise of the Sea Dragon
Carina Lau,Bends
Carina Lau,"All's Well, Ends Well 2011"
Carina Lau,Let the Bullets Fly
Carina Lau,Detective Dee: The Mystery of the Phantom Flame
Carina Lau,Showtime
Carina Lau,Curiosity Kills the Cat
Carina Lau,2046
Carina Lau,Itchy Heart
Carina Lau,Sex and the Beauties
Carina Lau,Infernal Affairs III
Carina Lau,Infernal Affairs II
Carina Lau,Mighty Baby
Carina Lau,La Brassiere
Carina Lau,Cop Shop Babes
Carina Lau,Love Generation Hong Kong
Carina Lau,Flowers of Shanghai
Carina Lau,Intimates
Carina Lau,"Who's the Man, Who's the Woman"
Carina Lau,Forbidden City Cop
Carina Lau,Ashes of Time
Carina Lau,"He's a Woman, She's a Man"
Carina Lau,Deadly Melody
Carina Lau,Kung Fu Cult Master
Carina Lau,He Ain't Heavy... He's My Father
Carina Lau,"C'est la vie, mon chéri"
Carina Lau,Nu er dang zi qiang
Carina Lau,Tian tai de yue guang
Carina Lau,Qian wang qing ren
Carina Lau,Crazy Hong Kong
Carina Lau,Lord of East China Sea II
Carina Lau,No More Love No More Death
Carina Lau,Rose Rose I Love You
Carina Lau,The Eagle Shooting Heroes
Carina Lau,Lord of East China Sea
Carina Lau,Shen tan gan shi lu
Carina Lau,Girls Without Tomorrow
Carina Lau,The Night Rider
Carina Lau,"Now You See It, Now You Don't"
Carina Lau,Saviour of the Soul
Carina Lau,The Banquet
Carina Lau,Center Stage
Carina Lau,My American Grandson
Carina Lau,Gigolo and Whore
Carina Lau,Days of Being Wild
Carina Lau,Gu huo da lu shi
Carina Lau,Licence to Steal
Carina Lau,She Shoots Straight
Carina Lau,Hong Kong wun hei see
Carina Lau,China White
Carina Lau,Shuo huang de nu ren
Carina Lau,Return of the Lucky Stars
Carina Lau,Yee but yung ching
Carina Lau,Four Loves
Carina Lau,Fu xing lin men
Carina Lau,Police Cadet III
Carina Lau,Si qian jin
Carina Lau,City Warriors
Carina Lau,San ren shi jie
Carina Lau,Chou tan qi ge ban
Carina Lau,Qun ying luan wu
Carina Lau,Jing zhuong zhui nu zi zhi er
Carina Lau,Project A 2
Carina Lau,Rich and Famous
Carina Lau,Tragic Hero
Carina Lau,The Yangs' Saga
Carina Lau,The Turbulent Decade
Carina Lau,Armour of God
Carina Lau,Naughty Boys
Carina Lau,Lau man dai hung
Carina Lau,Police Cadet II
Carina Lau,The Battle Among the Clans
Carina Lau,The Duke of Mount Deer
Carina Lau,San jaat si hing
Carina Lau,Yi ching chun dik ming yi
Carina Lau,Eros
Carina Lau,Roast
Carina Lau,Running Man
Carina Lau,Up Idol
Carina Lau,Yi lu shang you ni
Carina Lau,A Date with Luyu
Lu Yao,Remainder
Lu Yao,Shan He Yue Ming
Lu Yao,The Lost Tomb 2
Lu Yao,Desert Sea
Lu Yao,Women in Shanghai
Lu Yao,Bad Daughter
Lu Yao,Burning Ice
Lu Yao,Crying Out in Love
Lu Yao,Longmen Express
Lu Yao,The Assassins
Lu Yao,Happy Hotel
Lu Yao,A Mysterious Robber
Lu Yao,Min Gan Shi Jian
Lu Yao,Let the Bullets Fly
Lu Yao,Detective Dee: The Mystery of the Phantom Flame
Lu Yao,Confucius
Lu Yao,Eternal Beloved
Lu Yao,One Foot Off the Ground
Lu Yao,Dong bian ri chu xi bian yu
Rui Yang,Let the Bullets Fly
Rui Yang,Love in Disguise
Xiguo Wu,Gone with the Bullets
Xiguo Wu,Getting Home
Xiguo Wu,Riding Alone for Thousands of Miles
Xiguo Wu,Peony Pavilion
Xiguo Wu,Let the Bullets Fly
Xiguo Wu,Mao's Last Dancer
Xiguo Wu,The Sun Also Rises
Xiang Wen,Murder at Honeymoon Hotel
Xiang Wen,This Is Me
Xiang Wen,Ji xing gao zhao
Xiang Wen,Let the Bullets Fly
Adam S. Shen,Empires of the Deep
Adam S. Shen,Let the Bullets Fly
Adam S. Shen,Gary Unmarried
Adam S. Shen,The Robbers
Adam S. Shen,Tiny Times 2.0
Adam S. Shen,Camp Rock 2: The Final Jam
Adam S. Shen,Curse of the Golden Flower
Qiangxin Wang,Let the Bullets Fly
Xiao Wei,Let the Bullets Fly
Xiao Wei,The Warrior and the Wolf
Xiao Wei,The Sun Also Rises
Xiao Wei,Phanta City
Xiao Wei,Let the Bullets Fly
Xiao Wei,Let the Bullets Fly
Xiao Wei,Phanta City
Wen Jiang,The Curse of Turandot
Wen Jiang,Hidden Man
Wen Jiang,Rogue One: A Star Wars Story
Wen Jiang,Star Wars: Go Rogue
Wen Jiang,Gone with the Bullets
Wen Jiang,Nature Is Speaking
Wen Jiang,Chinese Zodiac
Wen Jiang,The Lost Bladesman
Wen Jiang,Let the Bullets Fly
Wen Jiang,The Founding of a Republic
Wen Jiang,The Sun Also Rises
Wen Jiang,Lotus Lantern
Wen Jiang,Letter from an Unknown Woman
Wen Jiang,Jasmine Flower
Wen Jiang,Warriors of Heaven and Earth
Wen Jiang,My Father and I
Wen Jiang,Green Tea
Wen Jiang,The Missing Gun
Wen Jiang,Da zhai men
Wen Jiang,Devils on the Doorstep
Wen Jiang,Lotus Lantern
Wen Jiang,Keep Cool
Wen Jiang,The Soong Sisters
Wen Jiang,Qin song
Wen Jiang,In the Heat of the Sun
Wen Jiang,I Love My Family
Wen Jiang,A Native of Beijing in New York
Wen Jiang,Da lu
Wen Jiang,The Last Eunuch
Wen Jiang,Black Snow
Wen Jiang,A Woman for Two
Wen Jiang,Le palanquin des larmes
Wen Jiang,Red Sorghum
Wen Jiang,The Last Empress
Wen Jiang,Hibiscus Town
Wen Jiang,Hidden Man
Wen Jiang,Gone with the Bullets
Wen Jiang,Let the Bullets Fly
Wen Jiang,"New York, I Love You"
Wen Jiang,The Sun Also Rises
Wen Jiang,Devils on the Doorstep
Wen Jiang,In the Heat of the Sun
Wen Jiang,Hidden Man
Wen Jiang,Gone with the Bullets
Wen Jiang,Let the Bullets Fly
Wen Jiang,The Sun Also Rises
Wen Jiang,Devils on the Doorstep
Wen Jiang,In the Heat of the Sun
Wen Jiang,Hidden Man
Wen Jiang,Gone with the Bullets
Wen Jiang,The Sun Also Rises
Wen Jiang,The Missing Gun
Wen Jiang,Devils on the Doorstep
Wen Jiang,Hidden Man
Wen Jiang,Gone with the Bullets
Wen Jiang,Let the Bullets Fly
Wen Jiang,The Sun Also Rises
Wen Jiang,The Founding of a Republic
Wen Jiang,The Stories: The Making of 'Rogue One: A Star Wars Story'
Wen Jiang,Let the Wind Carry Me
Wen Jiang,World Film Report
Wen Jiang,Cannes Film Festival
Wen Jiang,Tales of Chinese Filmmakers
Wen Jiang,I Love My Family
Bing Shao,Hui Lang Ting
Bing Shao,Zhi Ming Yuan Wang
Bing Shao,The Return of the Condor Heroes
Bing Shao,Father and Hero
Bing Shao,Vacation of Love
Bing Shao,Cross Fire
Bing Shao,Liberation
Bing Shao,Chasing Dream
Bing Shao,Looking Up
Bing Shao,Detective Ke Chen
Bing Shao,Advance Wave Upon Wave
Bing Shao,Sha Hai Lao Bing
Bing Shao,Bad Daddy
Bing Shao,The Legend of the Condor Heroes
Bing Shao,Ice Fantasy
Bing Shao,Hot Girl
Bing Shao,Wild Desert
Bing Shao,Breaking the Waves
Bing Shao,Control
Bing Shao,Saving General Yang
Bing Shao,Happiness Me Too
Bing Shao,The Invaluable Treasure
Bing Shao,The Lost Bladesman
Bing Shao,Sheng di er ji na
Bing Shao,If You Are the One 2
Bing Shao,Let the Bullets Fly
Bing Shao,Give Love
Bing Shao,Da sheng hu han ni hui lai
Bing Shao,The Myth
Bing Shao,"Sunrise, Sunset"
Bing Shao,T.R.Y.
Bing Shao,Red Snow
Bing Shao,Crash Landing
Bing Shao,Rhapsody of Spring
Bing Shao,Spicy Love Soup
Bing Shao,Red River Valley
Bing Shao,Ying jia
Bing Shao,Yu wangshi ganbei
Bing Shao,The Legend of Emperor Yan
Bing Shao,The Scientist Jiang Zhuying
Bing Shao,Getting Home
Bing Shao,The Postmodern Life of My Aunt
Chow Yun-Fat,Cold War III
Chow Yun-Fat,The Monkey King: The Legend Begins
Chow Yun-Fat,Project Gutenberg
Chow Yun-Fat,Cold War II
Chow Yun-Fat,From Vegas to Macau III
Chow Yun-Fat,The Office
Chow Yun-Fat,From Vegas to Macau II
Chow Yun-Fat,The Man from Macau
Chow Yun-Fat,The Monkey King Havoc in Heavens Palace
Chow Yun-Fat,The Last Tycoon
Chow Yun-Fat,The Assassins
Chow Yun-Fat,Beginning of the Great Revival
Chow Yun-Fat,Let the Bullets Fly
Chow Yun-Fat,Shanghai
Chow Yun-Fat,Confucius
Chow Yun-Fat,Dragonball Evolution
Chow Yun-Fat,VeggieTales FitnessHof
Chow Yun-Fat,The Children of Huang Shi
Chow Yun-Fat,Bloopers of the Caribbean
Chow Yun-Fat,Stranglehold
Chow Yun-Fat,Pirates of the Caribbean: At World's End
Chow Yun-Fat,Curse of the Golden Flower
Chow Yun-Fat,The Postmodern Life of My Aunt
Chow Yun-Fat,Waiting Alone
Chow Yun-Fat,"Crouching Tiger, Hidden Dragon"
Chow Yun-Fat,Bulletproof Monk
Chow Yun-Fat,"Crouching Tiger, Hidden Dragon"
Chow Yun-Fat,Anna and the King
Chow Yun-Fat,The Corruptor
Chow Yun-Fat,The Replacement Killers
Chow Yun-Fat,Peace Hotel
Chow Yun-Fat,The Return of the God of Gamblers
Chow Yun-Fat,Treasure Hunt
Chow Yun-Fat,Full Contact
Chow Yun-Fat,Hard Boiled
Chow Yun-Fat,"Now You See It, Now You Don't"
Chow Yun-Fat,Prison on Fire II
Chow Yun-Fat,Once a Thief
Chow Yun-Fat,God of Gamblers II
Chow Yun-Fat,"The Fun, the Luck & the Tycoon"
Chow Yun-Fat,God of Gamblers
Chow Yun-Fat,A Better Tomorrow III: Love and Death in Saigon
Chow Yun-Fat,Triads: The Inside Story
Chow Yun-Fat,Wild Search
Chow Yun-Fat,The Killer
Chow Yun-Fat,All About Ah-Long
Chow Yun-Fat,City War
Chow Yun-Fat,Zai jian ying xiong
Chow Yun-Fat,Cherry Blossoms
Chow Yun-Fat,The Greatest Lover
Chow Yun-Fat,The Diary of a Big Man
Chow Yun-Fat,Fractured Follies
Chow Yun-Fat,Tiger on Beat
Chow Yun-Fat,The Eighth Happiness
Chow Yun-Fat,Jing zhuong zhui nu zi zhi er
Chow Yun-Fat,A Better Tomorrow II
Chow Yun-Fat,Prison on Fire
Chow Yun-Fat,Spiritual Love
Chow Yun-Fat,Flaming Brothers
Chow Yun-Fat,An Autumn's Tale
Chow Yun-Fat,The Romancing Star
Chow Yun-Fat,Rich and Famous
Chow Yun-Fat,Code of Honour
Chow Yun-Fat,Siu sang mung ging wan
Chow Yun-Fat,City on Fire
Chow Yun-Fat,Tragic Hero
Chow Yun-Fat,The Yangs' Saga
Chow Yun-Fat,"My Will, I Will"
Chow Yun-Fat,A Hearty Response
Chow Yun-Fat,The Seventh Curse
Chow Yun-Fat,Love Unto Waste
Chow Yun-Fat,A Better Tomorrow
Chow Yun-Fat,100 Ways to Murder Your Wife
Chow Yun-Fat,The Lunatics
Chow Yun-Fat,The Missed Date
Chow Yun-Fat,Dream Lovers
Chow Yun-Fat,Witch from Nepal
Chow Yun-Fat,Lost Romance
Chow Yun-Fat,Police Cadet II
Chow Yun-Fat,The Battle Among the Clans
Chow Yun-Fat,Why Me?
Chow Yun-Fat,Women
Chow Yun-Fat,Siu mo kong wu
Chow Yun-Fat,Hong Kong 1941
Chow Yun-Fat,The Occupant
Chow Yun-Fat,Love in a Fallen City
Chow Yun-Fat,Last Affair
Chow Yun-Fat,Angels and Devils
Chow Yun-Fat,Blood Money
Chow Yun-Fat,The Radio Tycoon
Chow Yun-Fat,The Bund
Chow Yun-Fat,Fo fung wong
Chow Yun-Fat,The Legend of Master So
Chow Yun-Fat,The Postman Strikes Back
Chow Yun-Fat,The Head Hunter
Chow Yun-Fat,Ai yu kuang chao
Chow Yun-Fat,The Story of Woo Viet
Chow Yun-Fat,Chin wong kwun ying wui
Chow Yun-Fat,The Executor
Chow Yun-Fat,Shanghai Beach
Chow Yun-Fat,Hard Boiled Killers
Chow Yun-Fat,Meng nu da zei sha zhen tan
Chow Yun-Fat,Ban ye
Chow Yun-Fat,Shi ba
Chow Yun-Fat,Mong chung yan
Chow Yun-Fat,Keung yan
Chow Yun-Fat,Miss O
Chow Yun-Fat,Ru ce
Chow Yun-Fat,Ga bin
Chow Yun-Fat,"Bed for Day, Bed for Night"
Chow Yun-Fat,Saat sau qi shi er siu si
Chow Yun-Fat,Lao jia xie pai gu ye zi
Chow Yun-Fat,Massage Girls
Chow Yun-Fat,Xin Su xiao mei san nan xin lang
Chow Yun-Fat,Tou tai ren
Chow Yun-Fat,Peace Hotel
Chow Yun-Fat,All About Ah-Long
Chow Yun-Fat,Hard Boiled
Chow Yun-Fat,Waiting Alone
Chow Yun-Fat,StarCraft
Chow Yun-Fat,Diablo
Chow Yun-Fat,Reservoir Dogs
Chow Yun-Fat,Mnet Asian Music Awards
Chow Yun-Fat,Voice
Chow Yun-Fat,The World of Chow Yun-Fan
Chow Yun-Fat,2007 AZN Asian Excellence Awards
Chow Yun-Fat,Entertainment Tonight
Chow Yun-Fat,Secrets Within: Inside Look at 'Curse of the Golden Flower'
Chow Yun-Fat,Chow Yun-Fat Goes Hollywood
Chow Yun-Fat,The 73rd Annual Academy Awards
Chow Yun-Fat,2000 Blockbuster Entertainment Awards
Chow Yun-Fat,The 72nd Annual Academy Awards
Chow Yun-Fat,Nulle part ailleurs. 1ère partie
Chow Yun-Fat,HBO First Look
Chow Yun-Fat,The Tonight Show with Jay Leno
Chow Yun-Fat,From the (Under)Ground Up: The Making of 'The Corruptor'
Chow Yun-Fat,Ôsama no buranchi
Chow Yun-Fat,Where the Action Is
Chow Yun-Fat,Eastern Heroes: The Video Magazine - Volume 2
Chow Yun-Fat,Cinema of Vengeance
Chow Yun-Fat,Tales of Chinese Filmmakers
Chow Yun-Fat,Duckweed
Chow Yun-Fat,Rémy Julienne: 50 ans de cascades
Chow Yun-Fat,Special Collector's Edition
Chow Yun-Fat,American Masters
Chow Yun-Fat,Planet Voice
Chow Yun-Fat,God of Gamblers 3: The Early Stage
Chow Yun-Fat,Who Do You Think You're Fooling?
You Ge,Schemes in Antiques
You Ge,"My People, My Homeland"
You Ge,Cell Phone 2
You Ge,Two Tigers
You Ge,"My People, My Country"
You Ge,The Morning After
You Ge,Cook Up a Storm
You Ge,The Wasted Times
You Ge,Gone with the Bullets
You Ge,Nature Is Speaking
You Ge,Personal Tailor
You Ge,If You Are the One 2
You Ge,Sacrifice
You Ge,Let the Bullets Fly
You Ge,Shanghai Blue
You Ge,The Founding of a Republic
You Ge,Qi chuan xu xu
You Ge,If You Are the One
You Ge,Desires of the Heart
You Ge,Crossed Lines
You Ge,The Banquet
You Ge,Shanghai Red
You Ge,Suffocation
You Ge,A World Without Thieves
You Ge,Cell Phone
You Ge,"Cala, My Dog!"
You Ge,Da wan
You Ge,Hu die de wei xiao
You Ge,Sorry Baby
You Ge,Be There or Be Square
You Ge,Eighteen Springs
You Ge,Keep Cool
You Ge,The Dream Factory
You Ge,The Hero of Swallow
You Ge,Qin song
You Ge,Born Coward
You Ge,To Live
You Ge,Da Sa Ba
You Ge,Hai ma ge wu ting
You Ge,Rescue the Hostages
You Ge,The Vanished Woman
You Ge,I Love My Family
You Ge,Farewell My Concubine
You Ge,Conned Once
You Ge,Divorce Wars
You Ge,Fu zi hun shi
You Ge,Stories of an Editorial Board
You Ge,Comic Star
You Ge,Girl of the Times
You Ge,Jue zhan zhi hou
You Ge,Steel Meets Fire
You Ge,Woman-Taxi-Woman
You Ge,The Spring Festival
You Ge,Da Qi Ceng Xiao Shi
You Ge,Fortress Besieged
You Ge,Ma lu qi shi
You Ge,Peking Duck Restaurant
You Ge,Huang he yao
You Ge,Codename Cougar
You Ge,The Troubleshooters
You Ge,Shan de nu er
You Ge,Sheng xia he ta de wei hun fu
You Ge,The 11th China Movie Awards
You Ge,I Love My Family
